artwork_id,auction_id,date_of_auction,y_true_log,y_pred_log,price_true,price_pred,pct_error
ARTW-000611,AUC-001963,2024-06-26,8.215276958936633,11.385272261458173,3696.0000000000023,88014.8562121571,22.81354334744509
ARTW-001748,AUC-003508,2024-09-24,8.343553835005117,11.461730967221216,4202.000000000004,95008.38614431326,21.610277521254922
ARTW-001491,AUC-001787,2023-01-05,8.390949464841986,11.459414472296256,4405.999999999996,94788.5521040109,20.513516137996135
ARTW-001425,AUC-000881,2024-05-15,8.391629968440892,11.435731143303036,4409.000000000001,92569.99506265954,19.995689512964283
ARTW-000827,AUC-002357,2023-05-03,8.460411177317253,11.461915928681535,4723.0,95025.96084438945,19.11983079491625
ARTW-001579,AUC-001941,2024-12-12,8.485083137498004,11.446132827112175,4840.999999999999,93537.91455245098,18.322023249834952
ARTW-001889,AUC-003185,2024-05-04,8.516793111394898,11.43685527990045,4997.000000000004,92674.11601819228,17.545950774102906
ARTW-000978,AUC-002828,2024-12-25,8.559102594493448,11.461623762619944,5213.000000000003,94998.20124689818,17.223326538825656
ARTW-000205,AUC-003923,2023-10-17,8.581669210600602,11.443906935978267,5331.999999999996,93329.93866358654,16.50373943428106
ARTW-001673,AUC-003261,2024-07-12,8.656433258507741,11.440228364896429,5745.999999999998,92987.24486975877,15.182952466021371
ARTW-000541,AUC-001561,2024-09-23,8.726643415598444,11.4438442986763,6163.9999999999945,93324.09284848352,14.140183784633939
ARTW-001025,AUC-001446,2023-12-20,8.755422380148488,11.444716424008014,6344.0,93405.51952801508,13.723442548552187
ARTW-001265,AUC-004301,2024-08-14,8.772145439245099,11.440577897786854,6450.999999999997,93019.75300076317,13.419431561116603
ARTW-001064,AUC-000686,2024-07-03,8.784162222270476,11.443367623289564,6528.999999999995,93279.61767471027,13.286968551801246
ARTW-001847,AUC-003161,2024-01-25,8.858652969548489,11.460862641940677,7033.999999999995,94925.92290007687,12.495297540528423
ARTW-000416,AUC-004447,2024-09-17,8.852378886511985,11.445664357727752,6990.000000000002,93494.10469732019,12.375408397327634
ARTW-000291,AUC-004481,2024-09-12,8.885440911707585,11.43213796953776,7224.999999999996,92237.96826399628,11.766500797784959
ARTW-001733,AUC-003009,2023-08-02,8.914088348841334,11.441357090380649,7434.999999999995,93092.26232826746,11.520815377036653
ARTW-000046,AUC-002903,2023-08-25,9.009080614161977,11.437335206348951,8176.0,92718.60393209662,10.340338054317101
ARTW-001305,AUC-002214,2024-06-26,9.022443300849043,11.444086738512873,8286.0,93346.72131165145,10.265595137780767
ARTW-001019,AUC-003960,2024-11-17,9.092569836241674,11.455508233481567,8887.999999999995,94419.00371838137,9.623200238341743
ARTW-000671,AUC-000430,2023-06-02,9.152923101106232,11.460359395505256,9441.000000000002,94878.16328293836,9.049588315108393
ARTW-002214,AUC-001493,2023-12-01,9.154193211353181,11.434084755336295,9452.999999999998,92417.71268265613,8.776548469549999
ARTW-000865,AUC-001018,2023-09-14,9.18307194482199,11.420421312997902,9730.000000000005,91163.54258300246,8.369326061973528
ARTW-000763,AUC-000718,2024-10-21,9.139059169971219,11.37533121388395,9310.999999999998,87144.22108088562,8.35927624110038
ARTW-001387,AUC-002096,2024-10-03,9.232297539328226,11.452377381727711,10221.000000000007,94123.85096499471,8.208869089618887
ARTW-000378,AUC-003438,2024-02-11,9.388653907372598,11.450310263246392,11950.999999999995,93929.48470426863,6.8595502220959474
ARTW-001083,AUC-003527,2023-03-12,9.430840432344976,11.462950084845959,12466.00000000001,95124.2843939227,6.6306982507558665
ARTW-000206,AUC-004254,2023-03-19,9.352794339771116,11.36798743103295,11529.999999999993,86506.58967971987,6.502739781415432
ARTW-000974,AUC-002816,2023-09-25,9.421168397567744,11.386385982421684,12346.000000000002,88112.93592291899,6.13696224873797
ARTW-002037,AUC-003656,2023-02-12,9.44137272471063,11.394742102427415,12598.00000000001,88852.31139854988,6.0528902523059065
ARTW-000723,AUC-002251,2023-09-09,9.517310233335248,11.451186277575166,13592.000000000004,94011.80520648365,5.916701383643587
ARTW-001547,AUC-000377,2023-09-06,9.533148246403337,11.4477895085677,13808.999999999995,93693.00717162086,5.784923395728937
ARTW-001546,AUC-003872,2023-01-16,9.618335609937972,11.441414488828903,15037.0,93097.60589042262,5.191235345509252
ARTW-001451,AUC-001788,2024-11-10,9.640628165515693,11.445195729301568,15376.000000000004,93450.3004982981,5.077673029285775
ARTW-001274,AUC-003625,2023-05-08,9.7242412622591,11.444779864944113,16716.99999999999,93411.44551302474,4.587811539930897
ARTW-000936,AUC-000303,2024-10-21,9.654833867051826,11.368473980634272,15596.000000000007,86548.69015414393,4.54941588574916
ARTW-002116,AUC-003172,2023-03-24,9.670041108226021,11.377446576328127,15835.000000000002,87328.75992320405,4.514920108822484
ARTW-001522,AUC-003213,2023-05-02,9.745429247877853,11.438552833903804,17075.000000000007,92831.57063844941,4.4366952057657025
ARTW-000705,AUC-003174,2023-05-23,9.775199532234597,11.460500822467921,17590.99999999999,94891.5827037333,4.394325661061529
ARTW-001436,AUC-000677,2024-05-02,9.798404776082975,11.454184563168846,18003.999999999996,94294.10544283835,4.237397547369382
ARTW-000488,AUC-003554,2023-09-12,9.794509389966382,11.440913484092462,17933.99999999999,93050.974730107,4.188523181114479
ARTW-001988,AUC-001054,2023-04-12,9.766120240743215,11.3841982769517,17431.99999999999,87920.37928871845,4.04361973891226
ARTW-000235,AUC-001551,2024-10-26,9.846864289595038,11.438462950794971,18898.000000000007,92823.22693338415,3.9118016156939417
ARTW-000962,AUC-000628,2023-05-09,9.818310855128535,11.369900455593195,18366.000000000007,86672.2392187246,3.7191679853383737
ARTW-000117,AUC-003329,2023-06-07,9.845805472195043,11.377730855256369,18877.999999999985,87353.58946284882,3.627269279735612
ARTW-001187,AUC-003110,2024-09-16,9.931005438572868,11.458030001570792,20557.000000000007,94657.40954650633,3.604631490319906
ARTW-000324,AUC-001716,2024-12-12,9.918179101279117,11.442998445018688,20294.99999999998,93245.18685351741,3.5944906062339244
ARTW-001243,AUC-003342,2024-03-21,9.931199991102664,11.44425880536123,20561.000000000007,93362.78474181113,3.540770621166826
ARTW-001604,AUC-004360,2023-03-02,9.933774245141,11.430985139044761,20614.000000000004,92131.6936388232,3.4693748733299303
ARTW-001715,AUC-001850,2023-01-27,9.955130785687967,11.441815086276174,21059.000000000004,93134.90842543812,3.4225703226856976
ARTW-001108,AUC-001297,2024-09-20,9.953562605168434,11.434229737179727,21025.999999999996,92431.11268934385,3.39603884187881
ARTW-001709,AUC-000432,2024-07-02,9.984514391178502,11.448646920499522,21687.00000000001,93773.37598097442,3.323944113108054
ARTW-000494,AUC-003336,2023-05-05,9.984652706953636,11.441326944591854,21689.999999999993,93089.45600074276,3.291814476751627
ARTW-002247,AUC-000604,2024-11-17,10.009827588307454,11.44328110197139,22242.999999999985,93271.5472618454,3.1932988923187273
ARTW-001946,AUC-003957,2024-07-25,10.018377518410084,11.443525489384035,22434.000000000004,93294.3446839295,3.1586139201181016
ARTW-001052,AUC-001015,2023-09-21,10.05195066017375,11.443208071644511,23199.999999999996,93264.73578595518,3.020031714911862
ARTW-001126,AUC-003776,2023-03-19,10.02765019515655,11.384509843782592,22642.99999999999,87947.77694210944,2.884104444733891
ARTW-000052,AUC-003019,2024-03-15,10.069044362997353,11.390893818161056,23600.00000000002,88511.03568243618,2.7504676136625474
ARTW-001071,AUC-004334,2024-05-26,10.139705263337609,11.449781650695929,25327.999999999978,93879.84499242615,2.7065636841608587
ARTW-000767,AUC-001424,2024-07-05,10.173591022713616,11.459789111816646,26201.0,94824.07066926277,2.6191012048877056
ARTW-000184,AUC-002585,2024-08-01,10.178502231260227,11.444889954968977,26329.99999999999,93421.7298575653,2.54810975531961
ARTW-000798,AUC-000660,2024-08-17,10.20225792197333,11.439694557636797,26962.999999999993,92937.6203157388,2.446857557235427
ARTW-000236,AUC-002391,2023-04-08,10.18716160359037,11.423953599777658,26559.000000000004,91486.13129405765,2.4446376480310867
ARTW-000303,AUC-001173,2023-03-28,10.30155872609058,11.443508240943773,29777.99999999999,93292.73549862803,2.132941617926928
ARTW-001918,AUC-003885,2024-08-01,10.317416739056421,11.446871261405157,30253.999999999978,93607.01240365645,2.094037562096137
ARTW-001291,AUC-002306,2024-03-19,10.268200108157329,11.38706392751954,28801.000000000022,88172.69258741084,2.0614455257598965
ARTW-001841,AUC-002318,2024-11-15,10.332831934434235,11.436911159004135,30723.999999999996,92679.2947652997,2.016511351559032
ARTW-001028,AUC-004237,2024-11-03,10.366340677753023,11.437990279220223,31771.0,92779.36192755215,1.9202531216377245
ARTW-001091,AUC-002998,2024-09-06,10.388349005624308,11.43056648706493,32477.999999999975,92093.13017712212,1.8355542267726521
ARTW-001998,AUC-004472,2023-01-01,10.354754236444899,11.393592828183587,31404.999999999996,88750.2532339242,1.825991187197077
ARTW-000975,AUC-002762,2024-01-03,10.433409671993108,11.462458648601933,33975.000000000015,95077.54786640062,1.7984561550081113
ARTW-000555,AUC-000206,2023-11-25,10.410847176658944,11.431879367380017,33216.99999999999,92214.1181517534,1.7761121760470067
ARTW-000339,AUC-000629,2024-08-09,10.42225158360364,11.437585202404268,33598.0,92741.7863649678,1.7603365189882674
ARTW-001250,AUC-004084,2024-08-03,10.434968381227153,11.443431851762735,34028.00000000001,93285.60913876921,1.741436732654555
ARTW-001574,AUC-001931,2023-07-01,10.437404507525516,11.433398694978823,34110.99999999998,92354.329612388,1.7074647360789206
ARTW-000910,AUC-001833,2024-01-25,10.450018100922895,11.443956871349384,34543.99999999999,93334.59929500955,1.7019047966364513
ARTW-000096,AUC-003567,2023-09-10,10.464930242098646,11.457536704113684,35063.00000000003,94610.72630909094,1.6983066568488396
ARTW-002031,AUC-000174,2024-10-09,10.458837110181584,11.445966703785727,34849.99999999998,93522.37684743656,1.6835689195821126
ARTW-001193,AUC-001370,2024-07-25,10.452879829450936,11.437056480606913,34643.000000000015,92692.76419295663,1.6756563863682876
ARTW-000087,AUC-000482,2023-12-04,10.472487740353191,11.444300101630756,35329.000000000015,93366.64039744133,1.6427762007823965
ARTW-001981,AUC-004079,2024-09-02,10.490162488585556,11.442413490413605,35958.99999999997,93190.65801711287,1.5915809120696613
ARTW-000879,AUC-002877,2023-07-06,10.497283900839735,11.429262016028973,36216.000000000015,91973.07437340816,1.5395702002818679
ARTW-000139,AUC-003946,2023-02-15,10.521237468623626,11.45137709840741,37094.0,94029.7465199484,1.5349044729591956
ARTW-000563,AUC-001392,2023-08-15,10.578572590277664,11.449301795835833,39282.99999999998,93834.80661949191,1.3886873868974356
ARTW-002093,AUC-004161,2024-02-09,10.51194792492888,11.377855585094807,36751.0,87364.48586621854,1.377200235809054
ARTW-000116,AUC-000507,2024-06-12,10.594908243570373,11.46008993018048,39930.00000000003,94852.6000827426,1.3754720782054228
ARTW-001482,AUC-001210,2023-08-02,10.58971081802325,11.438428667567573,39723.00000000001,92820.0446738535,1.3366826441571251
ARTW-000945,AUC-000352,2024-07-15,10.56082619185728,11.394940310331627,38592.000000000015,88869.924572662,1.3028069178239523
ARTW-001040,AUC-002250,2023-07-23,10.604131561522696,11.438146916152775,40299.99999999997,92793.895897094,1.302578061962632
ARTW-000904,AUC-000918,2023-06-07,10.618591900448115,11.44552049025302,40886.99999999996,93480.65476023506,1.286317283249814
ARTW-001471,AUC-003694,2023-03-19,10.619056476530803,11.441286815734994,40905.99999999998,93085.72046211085,1.2756006566789935
ARTW-001185,AUC-001483,2024-07-15,10.631808808103727,11.440105773299921,41431.0,92975.84599108135,1.2441130069532802
ARTW-000035,AUC-001612,2023-07-06,10.574235738152595,11.372723970869169,39113.00000000002,86917.30824893969,1.2222102178032788
ARTW-001833,AUC-003801,2023-07-07,10.64413835574004,11.436654818577315,41944.99999999999,92655.54010375192,1.2089769961557262
ARTW-001647,AUC-002538,2024-03-05,10.667419331814033,11.444781413081222,42932.99999999996,93411.59012840995,1.1757526874061919
ARTW-001788,AUC-000736,2023-10-19,10.705690911372514,11.450052409139335,44608.0,93905.26746540125,1.1051216702250999
ARTW-002213,AUC-003117,2024-02-10,10.695302904892774,11.436179598450229,44146.99999999996,92611.5183118377,1.0977986796801091
ARTW-001176,AUC-001524,2024-01-26,10.64354217367223,11.380805300520299,41919.999999999985,87622.56963724563,1.0902330543236083
ARTW-002102,AUC-001274,2024-11-16,10.709092503552526,11.443560750652047,44760.00000000002,93297.63445408309,1.084397552593455
ARTW-001756,AUC-000762,2024-07-20,10.743113199474797,11.464379856598347,46308.99999999996,95260.38911464358,1.0570599476266742
ARTW-002086,AUC-004443,2024-11-21,10.72084153655026,11.441739549947131,45289.00000000004,93127.87354651144,1.0563022708938454
ARTW-000325,AUC-003533,2024-11-04,10.73591830019846,11.44312787429413,45977.00000000002,93257.25642098037,1.0283458342427807
ARTW-001766,AUC-000731,2023-05-07,10.737873844788798,11.440259693495584,46066.99999999998,92990.15810684199,1.0185850632088487
ARTW-000999,AUC-004354,2024-03-19,10.757434685999781,11.443668689701767,46977.00000000002,93307.70556354942,0.9862423220629111
ARTW-000129,AUC-002784,2023-04-09,10.789442780614165,11.461518459903793,48505.00000000003,94988.19809966329,0.958317660028105
ARTW-001048,AUC-004258,2023-03-23,10.7848969425521,11.43928803333563,48285.00000000003,92899.84618663455,0.9239897729446928
ARTW-002050,AUC-001523,2023-06-03,10.776787272605189,11.426026774375329,47895.00000000004,91675.99683487401,0.9141037025759252
ARTW-000760,AUC-004124,2023-03-22,10.799738829072556,11.441997814938725,49006.99999999998,93151.92858040793,0.9007882257719911
ARTW-001243,AUC-003105,2023-03-01,10.813438228664085,11.44425880536123,49683.000000000015,93362.78474181113,0.8791696302922751
ARTW-000042,AUC-004006,2023-07-10,10.850792337939453,11.459204792933795,51574.0,94768.67877474405,0.8375281881324709
ARTW-001132,AUC-002658,2024-09-04,10.849511828665106,11.453975838062732,51508.0,94274.42574084412,0.830287057172558
ARTW-002109,AUC-000684,2023-04-24,10.83634037270926,11.43805366159414,50833.99999999996,92785.24275351234,0.8252595261736714
ARTW-002218,AUC-000048,2024-11-15,10.860152178548557,11.458484955110276,52059.000000000015,94700.48452278486,0.8190991859771573
ARTW-000184,AUC-002519,2024-06-20,10.858498872521881,11.444889954968977,51972.99999999996,93421.7298575653,0.797505047958851
ARTW-001140,AUC-000107,2023-12-23,10.870053060283906,11.448502813195725,52577.00000000003,93759.86338214207,0.7832866725401224
ARTW-000466,AUC-001459,2023-08-10,10.862856930775358,11.438086590983703,52200.0,92788.2981981528,0.7775536053285976
ARTW-000116,AUC-001306,2023-06-12,10.901395137082606,11.46008993018048,54251.00000000001,94852.6000827426,0.748402795943717
ARTW-001958,AUC-001125,2024-09-02,10.81867767896625,11.371067888325525,49943.99999999997,86773.48348164008,0.7374155750768888
ARTW-001512,AUC-003090,2023-03-03,10.910331714250969,11.460890978106908,54737.99999999999,94928.61280325457,0.7342360481430557
ARTW-000754,AUC-003891,2024-04-11,10.89592417858957,11.442628630386444,53955.000000000015,93210.70942473983,0.7275638851772738
ARTW-000554,AUC-003017,2024-10-17,10.899125365576408,11.441488032651222,54127.99999999999,93104.45296952948,0.720079311438248
ARTW-001901,AUC-003082,2024-07-15,10.903328679104217,11.440508773479316,54355.99999999996,93013.32322785466,0.7111877847497006
ARTW-000631,AUC-003421,2023-01-03,12.601783670194054,11.440725472304178,297087.0,93033.48150645231,0.686847686009646
ARTW-001756,AUC-001389,2024-10-06,12.615566294825344,11.464379856598347,301209.9999999998,95260.38911464358,0.6837409477950811
ARTW-000284,AUC-002522,2023-06-12,10.931104967046613,11.449518424552764,55886.999999999985,93855.13635180448,0.6793733131462506
ARTW-000010,AUC-004448,2024-07-28,12.58129845324377,11.445386219821149,291062.9999999998,93468.1037807099,0.6788732893541606
ARTW-000093,AUC-001580,2024-01-01,12.549446014464685,11.44195643691225,281937.9999999998,93148.07417580724,0.6696150424000763
ARTW-001037,AUC-003708,2023-08-11,12.470707407389634,11.364331343505473,260589.9999999998,86190.88782852492,0.6692471398421851
ARTW-000648,AUC-003978,2024-10-25,12.505224932830014,11.442030545870011,269741.99999999994,93154.97761241095,0.6546515647826034
ARTW-001051,AUC-001519,2023-06-13,12.49593608706551,11.43443392546086,267247.99999999994,92449.98817056583,0.6540666790001577
ARTW-000920,AUC-001952,2024-03-14,12.50275286297675,11.442752238005227,269075.9999999998,93222.23181429735,0.6535468350417822
ARTW-001042,AUC-002746,2023-06-07,12.491127519917363,11.434358520461316,265965.99999999994,92443.01716667257,0.6524254334513713
ARTW-000447,AUC-004226,2024-10-22,12.493440918752126,11.437428911645446,266582.0000000002,92727.29265715736,0.6521622140386174
ARTW-000226,AUC-003936,2024-07-05,12.491353086372076,11.438210607463965,266025.9999999998,92799.80631390457,0.6511626445764525
ARTW-002227,AUC-002580,2023-12-08,12.490093022148962,11.440624397681018,265690.99999999977,93024.07855650099,0.6498786991034659
ARTW-002165,AUC-003242,2023-03-17,10.948910012690119,11.447577915016229,56891.000000000015,93673.18422117004,0.6465378393976203
ARTW-001930,AUC-002547,2024-05-08,12.480278064454824,11.445171351347728,263096.00000000023,93448.02237457632,0.644813975223583
ARTW-001853,AUC-000714,2023-01-28,12.4703965271547,11.440217427606864,260508.99999999985,92986.22783596032,0.643059441954173
ARTW-001123,AUC-001870,2023-04-22,10.951508055088178,11.446928361369153,57039.00000000003,93612.35757039742,0.6411991369132939
ARTW-000969,AUC-001857,2023-06-12,12.459411689559408,11.440866180861756,257662.99999999985,93046.57317518334,0.638882675528953
ARTW-000947,AUC-000042,2024-09-02,12.439087316639647,11.43934403037151,252479.00000000006,92905.0485043075,0.6320286102832018
ARTW-000029,AUC-001686,2023-03-06,12.437985632695629,11.43936361341003,252201.00000000015,92906.8679048488,0.6316157830268367
ARTW-001078,AUC-000605,2024-02-23,12.448787424820786,11.452759193767603,254940.0,94159.79582800026,0.6306589949478298
ARTW-001752,AUC-004109,2023-08-04,12.436874794771656,11.441047156096817,251921.00000000017,93063.41400545121,0.6305849293808331
ARTW-002101,AUC-001797,2024-08-09,12.434518116794038,11.4397446994846,251327.99999999985,92942.28054672899,0.6301952804831573
ARTW-001527,AUC-002521,2023-03-26,12.433805649178192,11.441758868067014,251149.00000000023,93129.67263863262,0.6291855725540116
ARTW-001363,AUC-001720,2024-03-01,12.432977115714607,11.448339795436208,250940.9999999999,93744.57994203304,0.6264278059701959
ARTW-001957,AUC-000953,2024-02-21,12.424002629791495,11.441962196503786,248698.9999999998,93148.61067797148,0.6254564325631725
ARTW-001711,AUC-003374,2023-09-04,12.414975274554042,11.444180534619836,246464.00000000017,93355.47737514027,0.6212206351631873
ARTW-000727,AUC-002778,2024-12-15,12.418899158762338,11.448544292498989,247433.00000000012,93763.75259808895,0.621053971789984
ARTW-001361,AUC-000682,2024-07-22,12.399387718243439,11.441477753261275,242652.00000000017,93103.49590719122,0.6163085574930718
ARTW-001317,AUC-002103,2023-12-12,12.394645455794189,11.440306940697363,241504.0000000001,92994.55178264639,0.6149357700798067
ARTW-001555,AUC-001427,2024-04-18,12.402161496720485,11.462464160129391,243325.99999999985,95078.071895872,0.6092564218543352
ARTW-000169,AUC-000761,2023-06-08,12.36885029155794,11.431395972188797,235353.99999999994,92169.55257934063,0.6083790690647252
ARTW-001487,AUC-004093,2024-10-13,12.395560132275655,11.460390837509868,241724.99999999983,94881.14652092717,0.6074831046812401
ARTW-000402,AUC-000097,2023-07-13,12.381075821516449,11.44876140693227,238249.00000000003,93784.11248934422,0.6063609396499283
ARTW-001121,AUC-001214,2023-02-12,12.37396138177478,11.443458909166049,236560.00000000017,93288.13326632444,0.6056470524758016
ARTW-000280,AUC-003709,2023-03-26,12.374113550817972,11.446343953495,236596.0,93557.66516999861,0.6045678491183343
ARTW-002192,AUC-002875,2024-01-10,12.304967302504389,11.378075290883517,220789.00000000015,87383.68267794498,0.6042208503234087
ARTW-002039,AUC-002107,2024-02-28,12.310887512348744,11.385198601050975,222099.99999999985,88008.37316712344,0.6037443801570306
ARTW-001328,AUC-003123,2023-12-23,12.351393024179645,11.435106596330458,231280.99999999988,92512.19817825792,0.6000008726256892
ARTW-002232,AUC-002013,2024-04-11,12.375794322848309,11.460999869281045,236994.0,94938.95036307731,0.5994035698664215
ARTW-001794,AUC-002909,2024-02-03,12.363328499310846,11.449018074173834,234057.99999999994,93808.18714492215,0.5992096525437192
ARTW-001634,AUC-002715,2023-06-13,10.97157190283528,11.438378151498243,58195.00000000001,92815.35583795731,0.5949025833483512
ARTW-000191,AUC-001971,2024-06-06,12.336934227379478,11.440961060969663,227960.99999999985,93055.401957798,0.5917924471387734
ARTW-000914,AUC-003355,2023-01-14,12.356120635107166,11.462904276253548,232376.99999999994,95119.92693834715,0.5906654835102132
ARTW-001803,AUC-001501,2024-02-27,12.339829637705204,11.449612316622353,228622.00000000003,93863.9491124079,0.5894360599049615
ARTW-001603,AUC-003271,2023-04-24,10.979155283209122,11.441759640609812,58637.99999999997,93129.7445860908,0.5882148877194114
ARTW-000252,AUC-002064,2024-11-13,12.32188485148803,11.435179413354279,224556.00000000003,92518.93495928658,0.5879917038098
ARTW-002032,AUC-001305,2024-02-03,12.312552035015164,11.429921393633583,222469.9999999998,92033.74001684,0.5863094349043013
ARTW-000319,AUC-004335,2024-05-03,12.326022221431293,11.445816174438557,225487.00000000015,93508.29989409844,0.5853051400120699
ARTW-002003,AUC-000634,2023-05-27,10.96531482599557,11.425708904484594,57831.99999999998,91646.86010899652,0.5847084677859413
ARTW-001968,AUC-004495,2024-08-11,12.327267631635767,11.44979191073243,225767.99999999994,93880.80821826382,0.5841713253505199
ARTW-002204,AUC-004392,2023-02-17,12.320110900461668,11.443033835218152,224157.99999999983,93248.48691306399,0.5840055366613547
ARTW-002211,AUC-001263,2023-09-12,12.315801107804685,11.442067873242186,223193.99999999988,93158.45494515702,0.582612189641491
ARTW-000449,AUC-001296,2024-06-07,12.316016143263965,11.44265575542578,223242.0000000001,93213.237830316,0.5824565367165858
ARTW-000349,AUC-001976,2023-05-17,12.313356310749848,11.440938737670473,222648.99999999985,93053.3246550818,0.5820626876604796
ARTW-000813,AUC-002473,2024-08-22,12.316231132492938,11.443894333022428,223290.00000000015,93328.76242530013,0.5820289201249493
ARTW-000046,AUC-001437,2023-06-28,12.30926982285814,11.437335206348951,221741.00000000015,92718.60393209662,0.5818608018720194
ARTW-001945,AUC-000438,2023-08-25,12.312871126819685,11.44266591241425,222540.99999999994,93214.18461106307,0.5811370281832872
ARTW-001553,AUC-001408,2024-01-27,10.985665534740813,11.443691843839577,59020.99999999998,93309.86607118922,0.580960439016439
ARTW-000948,AUC-001220,2024-04-28,10.980092785941148,11.437563791914028,58692.99999999999,92739.80071770248,0.5800828159695789
ARTW-001094,AUC-000062,2024-11-06,12.309364523030698,11.445884257485613,221761.9999999998,93514.66650889012,0.5783106821326909
ARTW-000461,AUC-001298,2024-01-14,12.293671350009241,11.431572511837793,218308.9999999998,92185.82577273036,0.5777277813890841
ARTW-001364,AUC-000021,2024-03-19,12.294271234171744,11.434539624355638,218439.9999999999,92459.76065429786,0.5767269700865323
ARTW-001656,AUC-000452,2023-05-26,12.317435113383635,11.459429943048914,223559.00000000003,94790.01858106974,0.5759955153625229
ARTW-000686,AUC-004164,2024-08-14,12.29283732542591,11.436409893090207,218126.99999999994,92632.84893446957,0.5753260763937083
ARTW-001158,AUC-001323,2024-04-22,12.242896257160657,11.39563554430467,207501.00000000017,88931.73214151185,0.5714154045449816
ARTW-000044,AUC-001934,2023-09-26,12.227785212435824,11.381995600275477,204389.00000000017,87726.93004849706,0.5707844842506349
ARTW-000928,AUC-004462,2023-05-07,12.291672193024066,11.44729804138594,217872.9999999999,93646.97095553973,0.5701763368772644
ARTW-000938,AUC-003442,2023-01-10,12.279025665268763,11.434970982983454,215135.00000000006,92499.6530044767,0.5700390312851155
ARTW-000881,AUC-001478,2023-12-28,12.287491329191333,11.44542615420585,216964.0,93471.83648638905,0.5691827377519356
ARTW-001715,AUC-000051,2024-12-02,12.280098828624975,11.441815086276174,215365.99999999988,93134.90842543812,0.567550549179359
ARTW-000375,AUC-002696,2024-05-12,11.009753808057733,11.459170981424439,60460.00000000002,94765.4745230341,0.5674077823856115
ARTW-001101,AUC-003296,2023-10-16,12.274796147407056,11.437526311898592,214226.99999999997,92736.3248561981,0.567111872657517
ARTW-002145,AUC-003581,2023-07-20,12.269742039085765,11.43950448794431,213146.99999999997,92919.9571794219,0.5640569316977395
ARTW-001243,AUC-001404,2023-11-09,12.272501566236024,11.44425880536123,213736.00000000003,93362.78474181113,0.5631864321321111
ARTW-002124,AUC-003278,2023-03-13,12.257117409036484,11.430023295847104,210473.00000000015,92043.11903843193,0.5626844344004606
ARTW-001544,AUC-002673,2024-05-12,12.263732877882592,11.43672432023408,211869.9999999999,92661.98011059214,0.562646999997205
ARTW-000107,AUC-003049,2024-02-03,12.264831999403704,11.437971958927603,212102.99999999983,92777.66217974226,0.5625820371246879
ARTW-000419,AUC-001141,2024-03-17,12.255343646460032,11.428969430846957,210099.99999999997,91946.16805850329,0.5623694999595273
ARTW-000446,AUC-000144,2024-03-15,12.267760231611634,11.441955465003387,212725.00000000017,93147.98364344049,0.5621201850114448
ARTW-000962,AUC-003476,2023-07-12,12.258646120137243,11.434941193952994,210795.00000000017,92496.89754074826,0.5611997554934975
ARTW-000635,AUC-002996,2023-12-09,12.195956650955528,11.373729509056785,197985.99999999985,87004.7518836761,0.5605509890412647
ARTW-000574,AUC-002527,2024-10-08,12.260035124473058,11.439635180380773,211087.99999999994,92932.10203931747,0.5597471100236987
ARTW-001474,AUC-002001,2024-03-19,12.255077072457986,11.435661654161898,210043.99999999983,92563.56260721383,0.5593134647635072
ARTW-001185,AUC-000700,2023-03-14,12.259428561251049,11.440105773299921,210959.99999999997,92975.84599108135,0.5592726299247186
ARTW-000706,AUC-000672,2023-03-24,12.264393439100528,11.445613315056463,212009.99999999983,93489.3325792158,0.5590333824856569
ARTW-001339,AUC-003173,2024-01-15,12.25083566400369,11.43441069331296,209155.00000000015,92447.84036048439,0.557993639356055
ARTW-001410,AUC-000447,2023-02-12,12.264077367816748,11.448839800957824,211943.00000000006,93791.46497004079,0.5574684468463654
ARTW-001134,AUC-001049,2023-11-01,12.253919507787362,11.444554915733955,209801.00000000017,93390.43482044553,0.5548618222961499
ARTW-001039,AUC-000586,2023-02-28,12.254281688500432,11.447745605135568,209877.00000000006,93688.89377343259,0.5536009483009927
ARTW-000062,AUC-001090,2024-04-26,12.243228728801238,11.436926589857011,207570.00000000003,92680.72491232691,0.5534965317130274
ARTW-002016,AUC-001309,2024-01-20,12.246523371138656,11.442230272565864,208255.00000000015,93173.58520617311,0.5525985680719644
ARTW-001686,AUC-003878,2024-02-16,12.2405223802594,11.436806315775549,207009.00000000003,92669.57837332806,0.5523403408869757
ARTW-001142,AUC-003215,2023-08-22,12.264605669715827,11.461026075338214,212054.99999999985,94941.43839744486,0.5522791804133601
ARTW-001831,AUC-000203,2024-01-06,12.243411781935329,11.44089110541637,207607.99999999983,93048.892373405,0.5518048804795331
ARTW-000705,AUC-001343,2023-05-05,12.26253804151093,11.460500822467921,211616.99999999988,94891.5827037333,0.5515880921488664
ARTW-000042,AUC-000412,2024-04-12,12.259547059545998,11.459204792933795,210985.00000000012,94768.67877474405,0.5508274105991231
ARTW-000590,AUC-002605,2023-12-11,12.229784289323069,11.435772102539236,204798.00000000006,92573.78677756393,0.5479751424449267
ARTW-001134,AUC-002579,2023-09-12,12.232748655740096,11.444554915733955,205405.99999999985,93390.43482044553,0.5453373571344284
ARTW-000671,AUC-001647,2024-12-27,11.025946567678519,11.460359395505256,61447.00000000005,94878.16328293836,0.5440650199836978
ARTW-000661,AUC-003247,2023-02-25,12.238060533986511,11.456531139530128,206499.99999999994,94515.63592569894,0.5422971625874142
ARTW-001547,AUC-000464,2024-09-20,11.015739726908272,11.4477895085677,60822.99999999998,93693.00717162086,0.5404206824987405
ARTW-000742,AUC-001442,2024-05-24,12.21268573080042,11.436635601946998,201326.00000000003,92653.75957438222,0.5397824445209153
ARTW-000498,AUC-000238,2023-04-27,12.208898648619236,11.43676662308623,200564.99999999988,92665.90010185244,0.5379757180871413
ARTW-001143,AUC-000998,2024-01-11,12.230331017510274,11.459001172108021,204910.00000000003,94749.38365900399,0.5376048818554293
ARTW-000110,AUC-001678,2024-07-10,12.210940776927034,11.44235627878137,200974.99999999988,93185.32652276021,0.5363337404017402
ARTW-001640,AUC-001279,2024-09-07,12.208913606177166,11.44178884595823,200567.99999999997,93132.46454165337,0.5356564130785899
ARTW-002106,AUC-001983,2023-01-12,12.211343728928965,11.447812594521325,201056.00000000003,93695.17021209322,0.5339847096724634
ARTW-000227,AUC-003784,2023-12-20,12.208140506032173,11.447540728900835,200413.00000000012,93669.70090691201,0.5326166420995048
ARTW-002043,AUC-002054,2023-11-18,12.209327343250669,11.451689752223615,200650.99999999988,94059.15018803353,0.5312300951002806
ARTW-000683,AUC-003600,2024-10-17,12.202190118265948,11.445723130592992,199223.99999999983,93499.59983399,0.5306810432779682
ARTW-000046,AUC-002408,2023-01-11,12.192951944359855,11.437335206348951,197392.0000000001,92718.60393209662,0.5302818557383451
ARTW-001138,AUC-000671,2023-07-04,12.204190876112156,11.450184531050509,199623.0000000001,93917.67536058932,0.5295247774024573
ARTW-001965,AUC-002669,2024-09-25,12.192992471824816,11.439891514161738,197399.99999999988,92955.92698617898,0.5290986474864284
ARTW-001929,AUC-001968,2024-09-10,12.198347886254288,11.447520631102545,198459.9999999999,93667.81835097722,0.5280267139424707
ARTW-000471,AUC-004171,2024-12-13,12.195163355022137,11.445113785428978,197828.99999999985,93442.64305058139,0.5276595289336676
ARTW-000379,AUC-001762,2024-08-04,12.187867940875327,11.442489056615223,196390.99999999988,93197.70042281227,0.52544821085074
ARTW-001795,AUC-003396,2024-01-27,12.184072405250506,11.440980277492258,195646.99999999985,93057.19019543067,0.5243617832349551
ARTW-001338,AUC-002238,2023-02-13,12.187929041293884,11.4484819982885,196403.00000000003,93757.91177878069,0.522624849015643
ARTW-000913,AUC-002285,2024-11-07,12.177451953125967,11.439350848974998,194356.00000000015,92905.68199597366,0.5219819197967976
ARTW-001519,AUC-002707,2023-01-05,12.175768065265318,11.439583248837453,194029.0,92927.27600521586,0.5210650160274193
ARTW-000980,AUC-003592,2024-09-20,12.197238741240884,11.461198458996117,198240.00000000003,94957.80633300779,0.5209957307656993
ARTW-001460,AUC-003189,2024-12-04,12.18022136193974,11.444319471726985,194894.99999999994,93368.44895513642,0.520929480206591
ARTW-000046,AUC-002301,2024-03-14,12.171367322641077,11.437335206348951,193176.9999999999,92718.60393209662,0.5200329028191935
ARTW-000994,AUC-002640,2024-09-13,12.176880675997284,11.442962022238968,194245.00000000006,93241.79063004423,0.5199784260596453
ARTW-001635,AUC-003717,2024-10-11,12.17012935575268,11.436763755231912,192937.99999999994,92665.63434706388,0.5197128904256086
ARTW-000319,AUC-001497,2023-07-12,12.177405645514787,11.445816174438557,194346.99999999983,93508.29989409844,0.5188590516236499
ARTW-002145,AUC-002724,2024-11-05,12.170657880559014,11.43950448794431,193040.00000000003,92919.9571794219,0.5186492064886973
ARTW-000283,AUC-003069,2023-08-10,12.190110932469908,11.459464671360656,196831.99999999988,94793.31057027573,0.5184049820645231
ARTW-001410,AUC-002871,2023-11-15,12.17915355617891,11.448839800957824,194687.00000000006,93791.46497004079,0.5182448495788585
ARTW-000292,AUC-003473,2023-05-23,12.171631293015817,11.444355003385713,193228.00000000003,93371.76658547243,0.5167793146672717
ARTW-002070,AUC-003092,2023-04-24,12.157496708412488,11.43602692297569,190515.99999999994,92597.37973099097,0.513965337656727
ARTW-001506,AUC-002380,2023-03-13,12.160975902276737,11.441349305141769,191179.99999999985,93091.53757780328,0.5130686390950762
ARTW-001772,AUC-000519,2024-12-13,12.176396636420172,11.457913919990103,194150.99999999988,94646.42208643386,0.5125112820102193
ARTW-001993,AUC-001540,2023-09-08,12.159918753340103,11.443694576889113,190978.0,93310.12109475693,0.5114090570916182
ARTW-000925,AUC-001396,2023-05-10,12.156814121697476,11.440990347925501,190386.0,93058.12733644144,0.5112133910243325
ARTW-000390,AUC-003045,2023-02-26,12.153162254873267,11.438736742168244,189692.00000000017,92848.64488539843,0.5105294641555872
ARTW-001461,AUC-001714,2023-01-07,12.15377358236884,11.444976811572374,189808.0,93429.84459096484,0.5077665609933995
ARTW-002158,AUC-001715,2024-08-23,12.146094377282258,11.44017613430387,188355.9999999999,92982.38816546362,0.5063476174612772
ARTW-000152,AUC-004015,2023-07-28,12.13980997222946,11.436633746617336,187176.00000000017,92653.58766941789,0.5049921588803169
ARTW-000015,AUC-003124,2023-01-24,12.143505513261344,11.441079626964493,187868.99999999985,93066.43593678587,0.5046205816990246
ARTW-000910,AUC-002560,2023-04-02,12.142861243380505,11.443956871349384,187747.99999999988,93334.59929500955,0.502873003733677
ARTW-001501,AUC-002059,2024-11-13,10.963376337755056,11.36907102702156,57720.00000000002,86600.379762983,0.5003530797467596
ARTW-000606,AUC-000943,2024-07-02,11.033016943838959,11.438427272702297,61882.99999999998,92819.91520109173,0.49992591181894486
ARTW-002114,AUC-003464,2024-09-12,12.152656045893067,11.461736780731753,189596.00000000015,95008.93848398623,0.4988874317813342
ARTW-001812,AUC-003967,2024-12-13,12.063944405680132,11.373336598832262,173500.9999999999,86970.57314919552,0.4987315741742378
ARTW-000954,AUC-001202,2024-10-12,12.149909618481322,11.460726811629447,189075.9999999999,94913.02982225046,0.4980165128189167
ARTW-000512,AUC-000820,2023-06-13,12.062837177443422,11.374050332557415,173309.00000000015,87032.66985170101,0.49781794452855344
ARTW-000686,AUC-003540,2023-09-14,12.12237033299731,11.436409893090207,183940.00000000015,92632.84893446957,0.4963963850469202
ARTW-001520,AUC-003877,2024-10-25,11.033695402793988,11.436723691373555,61924.99999999999,92661.92183852018,0.4963572359874072
ARTW-001854,AUC-000773,2023-10-09,12.128597472250762,11.444774181536424,185088.99999999994,93410.91461352228,0.495318929739086
ARTW-000646,AUC-001557,2023-03-16,12.13214081170934,11.448518786987442,185746.00000000015,93761.3611106071,0.49521733382895444
ARTW-001190,AUC-002062,2024-06-26,11.048808475413166,11.45013307678623,62868.000000000044,93912.84296857126,0.4938099346022014
ARTW-000526,AUC-002961,2024-04-04,12.127278324963756,11.44752286769307,184845.00000000003,93668.02785000314,0.4932617714841996
ARTW-001189,AUC-003373,2024-05-08,12.12787323793472,11.450254363201736,184955.0,93924.23413273413,0.492177912828882
ARTW-001082,AUC-004261,2023-02-15,12.115431050903087,11.438559972810484,182667.99999999997,92832.23336387363,0.4917980524017691
ARTW-000804,AUC-003252,2024-11-11,11.039331397809566,11.439293319965376,62275.00000000002,92900.3373203096,0.49177578996884086
ARTW-001976,AUC-001315,2024-01-02,12.11497109699988,11.438857649357267,182584.0,92859.8717536542,0.49141287432823144
ARTW-000180,AUC-002027,2023-05-24,12.116733105926526,11.4412002513341,182905.99999999994,93077.66281468065,0.49111749852557773
ARTW-001014,AUC-001111,2024-03-10,12.117372570765454,11.442214498397979,183022.99999999988,93172.11546621547,0.4909267389004905
ARTW-001705,AUC-002641,2023-05-19,12.051481035174003,11.37714126672339,171352.00000000012,87302.10137848204,0.4905101698347146
ARTW-001630,AUC-002267,2023-10-27,11.044696260501281,11.443783421285682,62609.99999999998,93318.41163328222,0.4904713565449968
ARTW-001892,AUC-001701,2024-10-19,12.11538178024567,11.441308887433468,182659.00000000003,93087.77506681108,0.490374002557711
ARTW-000875,AUC-004470,2024-07-12,12.11046992293938,11.436454331158338,181763.99999999997,92636.965495225,0.49034481253039647
ARTW-000385,AUC-000894,2023-07-14,12.12145657930999,11.448104375176616,183771.99999999988,93722.51293088011,0.49000656829723693
ARTW-000673,AUC-001763,2023-09-06,12.100517666521132,11.428523980081973,179964.0000000001,91905.21924317122,0.4893133113113113
ARTW-000093,AUC-002475,2024-09-24,12.113255355891539,11.44195643691225,182271.00000000015,93148.07417580724,0.48895834128409255
ARTW-001769,AUC-000614,2023-02-10,12.111987215413667,11.440997346498806,182040.00000000003,93058.77861984482,0.48880038112588003
ARTW-000037,AUC-003752,2023-07-24,12.10463774787482,11.433977815863908,180707.0000000001,92407.8300027169,0.48863170766646086
ARTW-001223,AUC-000184,2023-03-21,12.114308172272343,11.447416744987398,182462.9999999999,93658.087966763,0.48670093132984193
ARTW-001256,AUC-002975,2023-07-08,12.05328270614224,11.394477666174156,171660.99999999988,88828.81846812215,0.48253349061159956
ARTW-001196,AUC-002820,2024-06-14,12.10903297101169,11.451521412111212,181502.99999999997,94043.31742446026,0.4818635646547976
ARTW-000030,AUC-002286,2024-12-08,12.035195352620477,11.379222065093327,168583.9999999999,87483.95065975176,0.4810661114948524
ARTW-001821,AUC-002445,2024-03-13,12.08893752493149,11.433809730258412,177891.99999999994,92392.29871390229,0.48062701687595666
ARTW-000791,AUC-001889,2024-03-14,12.09236628891434,11.438238758567499,178503.0000000001,92802.41879578307,0.48010723183485415
ARTW-001196,AUC-001348,2024-08-10,12.104482789768541,11.451521412111212,180679.00000000015,94043.31742446026,0.4795005649551958
ARTW-000902,AUC-002470,2023-06-11,12.092254240329956,11.43988264386704,178482.99999999994,92955.10243449942,0.4791935229993924
ARTW-000554,AUC-004288,2024-06-12,12.091957250848486,11.441488032651222,178430.00000000015,93104.45296952948,0.47820179919559824
ARTW-000906,AUC-001783,2024-11-09,12.033871702120196,11.386215813249553,168360.99999999985,88097.94292309912,0.4767318861072386
ARTW-000318,AUC-002403,2024-03-26,11.061311700836084,11.449178225433231,63659.00000000002,93823.21200747965,0.4738404939989573
ARTW-000737,AUC-001127,2023-11-22,12.07967574180625,11.442930982833138,176251.99999999994,93238.89647414185,0.470990987483025
ARTW-000003,AUC-001672,2023-06-28,11.053299797902628,11.439113280944412,63151.0,92883.61296005605,0.47081776947405507
ARTW-001536,AUC-000166,2023-08-27,12.010629374358231,11.377078552932334,164492.99999999997,87296.62644170245,0.46929883677905765
ARTW-000774,AUC-000622,2023-07-17,12.08515846294558,11.453077077883185,177220.99999999985,94189.7328072975,0.46851821845437286
ARTW-001796,AUC-000175,2024-06-02,12.069760246632788,11.43842079070451,174512.99999999997,92819.31353807484,0.46812378712144737
ARTW-000487,AUC-002485,2023-11-10,12.067838785042973,11.436864092010584,174178.0000000001,92674.93268511951,0.46792974609239135
ARTW-001311,AUC-003792,2023-06-03,11.06385323747972,11.447027924530316,63820.99999999997,93621.6784762059,0.4669415784178552
ARTW-001163,AUC-000269,2024-08-22,12.045064339172393,11.41902319117614,170256.0000000001,91036.17250683572,0.4652983007539489
ARTW-000947,AUC-003303,2024-01-25,12.064019329963417,11.43934403037151,173514.00000000006,92905.0485043075,0.4645674210478263
ARTW-001012,AUC-003327,2023-11-13,12.061283839620875,11.441956058179397,173040.00000000003,93148.0388971993,0.461696492734632
ARTW-001424,AUC-002942,2023-09-12,12.056789267813016,11.437811173914929,172264.0,92762.74596055213,0.4615082317805686
ARTW-001515,AUC-000908,2024-06-21,11.06104462150408,11.43937622824182,63641.999999999956,92908.03992936671,0.4598541832338201
ARTW-001782,AUC-004471,2024-07-03,11.08467779396482,11.461729916769725,65164.00000000001,95008.28634161434,0.4579873295318631
ARTW-001726,AUC-001454,2024-09-11,12.053375908216053,11.444757045583147,171676.99999999985,93409.31392503268,0.4559008258238858
ARTW-002133,AUC-000102,2024-09-19,12.04510545264264,11.448874802362326,170262.99999999994,93794.7478954996,0.4491184350357997
ARTW-001282,AUC-001252,2023-02-11,12.020965211782093,11.424908519969255,166202.0000000001,91573.53592858504,0.4490226596034645
ARTW-001605,AUC-003040,2023-07-19,12.030986847380783,11.43520618444876,167876.00000000015,92521.41185236115,0.4488705243610696
ARTW-000466,AUC-000155,2024-06-28,12.029884242439666,11.438086590983703,167690.99999999988,92788.2981981528,0.4466709710231744
ARTW-000213,AUC-001228,2023-01-07,12.052542606398962,11.462082902884248,171534.00000000015,95041.82922018055,0.4459300825481802
ARTW-001865,AUC-001837,2023-06-21,11.088644442604423,11.45733162258842,65422.999999999956,94591.32518142603,0.4458420613763675
ARTW-000562,AUC-003225,2023-02-03,12.006859221066001,11.422506164970226,163874.0000000001,91353.80542542729,0.44253630578720704
ARTW-001226,AUC-001324,2023-09-18,12.01854355302823,11.434444882362767,165799.9999999999,92451.00115252395,0.4423944441946683
ARTW-001565,AUC-003933,2024-05-23,11.077269154697834,11.440924063637882,64682.99999999999,93051.95918290752,0.4385844686070147
ARTW-000055,AUC-003912,2023-01-23,12.01233618592092,11.437041917757918,164774.00000000003,92691.41431749501,0.43746334787348123
ARTW-001849,AUC-000289,2023-08-13,11.072434034938386,11.43511686036553,64371.00000000002,92513.14774184187,0.4371867415737185
ARTW-000135,AUC-002171,2024-06-23,12.021500558191065,11.447106414744175,166291.00000000006,93629.02722866036,0.43695673711349187
ARTW-000357,AUC-003145,2023-02-08,12.004115567477047,11.434290181500227,163424.9999999999,92436.69985444222,0.434378461958438
ARTW-001542,AUC-004077,2024-01-07,11.017677871167557,11.377686166781412,60941.00000000004,87349.68580669018,0.43334841579052075
ARTW-001843,AUC-002236,2024-02-27,11.99934978371168,11.431413834037373,162648.00000000015,92171.19893049738,0.43330874692281923
ARTW-000817,AUC-003747,2024-01-07,12.01439142340582,11.449756583762007,165113.00000000003,93877.49171698297,0.4314348857026221
ARTW-000251,AUC-004487,2024-12-17,11.93568679398682,11.374125083182076,152615.9999999999,87039.1759160521,0.4296851187552278
ARTW-001337,AUC-002546,2023-09-21,11.083095940409448,11.438318214669271,65061.00000000003,92809.79288662614,0.4265042481152471
ARTW-000427,AUC-004246,2023-05-18,11.993244457446607,11.437412608693377,161658.00000000003,92725.7809245696,0.4264077192309098
ARTW-000226,AUC-000644,2023-08-15,11.993498045565198,11.438210607463965,161699.00000000006,92799.80631390457,0.4260953604295355
ARTW-000128,AUC-004373,2024-02-28,11.99577127922926,11.44184807638065,162067.00000000015,93137.98103947018,0.4253118707727662
ARTW-000782,AUC-003827,2023-06-10,11.93097110528372,11.37724114487316,151897.99999999988,87310.8214861838,0.42520098035402787
ARTW-001338,AUC-003269,2023-02-17,11.999294448302228,11.4484819982885,162638.99999999997,93757.91177878069,0.4235213461790794
ARTW-001428,AUC-003199,2024-05-23,11.99517875976988,11.44466398260163,161971.0000000001,93400.62128720208,0.4233497274993546
ARTW-001628,AUC-000969,2023-03-24,11.997879281168649,11.44871719542092,162409.0,93779.96619943652,0.42256915442225174
ARTW-001918,AUC-000331,2024-07-13,11.98876826303925,11.446871261405157,160935.99999999994,93607.01240365645,0.41835877365128693
ARTW-002101,AUC-001596,2024-11-06,11.980062489427663,11.4397446994846,159540.99999999997,92942.28054672899,0.41743952622379826
ARTW-001182,AUC-001690,2023-04-27,11.027735098796068,11.374973472786348,61556.999999999956,87113.0512295462,0.4151607652995802
ARTW-000156,AUC-000250,2023-04-06,11.98458397414651,11.449634798657447,160264.00000000012,93866.05941120976,0.4143035278589721
ARTW-000817,AUC-004297,2024-10-23,11.977910270965657,11.449756583762007,159198.00000000003,93877.49171698297,0.41030985491662614
ARTW-001056,AUC-001456,2023-12-16,11.974670082276269,11.450442527129058,158683.00000000015,93941.90913651,0.40799008629462563
ARTW-001497,AUC-004453,2023-09-17,11.082250235387066,11.42245622731651,65006.000000000015,91349.24349469558,0.40524326207881667
ARTW-000663,AUC-001411,2023-01-20,11.945843599859694,11.43131110916422,154174.00000000012,92161.73103935625,0.40222261185831476
ARTW-000424,AUC-001730,2024-09-20,11.934631308808212,11.424554191640105,152455.00000000006,91541.09422412365,0.3995533486988055
ARTW-001139,AUC-004426,2023-04-07,11.949895700065218,11.440204454577431,154799.99999999985,92985.02151774154,0.3993215664228577
ARTW-001405,AUC-002169,2023-10-22,11.946978029930305,11.43791324514623,154348.99999999994,92772.21495357016,0.39894515057713237
ARTW-000230,AUC-002639,2024-07-03,11.948162944745373,11.440607040404972,154531.99999999997,93022.4639085462,0.3980375332711269
ARTW-001047,AUC-000006,2024-07-07,11.94644662863855,11.44004190382574,154267.00000000003,92969.90779845358,0.3973441643484766
ARTW-001719,AUC-002653,2023-10-20,11.938552612902335,11.433327890316185,153054.00000000006,92347.79065592901,0.3966326221076942
ARTW-001331,AUC-002770,2024-02-19,11.946835486567725,11.442331768977926,154326.99999999994,93183.0425722032,0.39619740828109645
ARTW-001442,AUC-003392,2023-06-16,11.918777165008768,11.419020714672476,150056.99999999988,91035.9470532235,0.39332422310706217
ARTW-001516,AUC-001814,2023-02-25,11.131635762553271,11.461969092701114,68296.99999999999,95031.01299389148,0.3914375886772698
ARTW-001835,AUC-002713,2023-04-08,11.93387670816938,11.437577671205942,152340.00000000003,92741.0879032805,0.39122300181646
ARTW-000753,AUC-001603,2024-02-04,11.049825947401231,11.377769764903782,62932.00000000002,87356.98846525133,0.388117149705258
ARTW-000972,AUC-002565,2023-11-10,11.943863369051424,11.460162002584813,153869.0000000001,94859.43665612135,0.3835052112113467
ARTW-002165,AUC-000573,2023-12-14,11.930114907014943,11.447577915016229,151767.99999999988,93673.18422117004,0.3827869892126791
ARTW-001934,AUC-002589,2023-05-15,11.933187227321124,11.452775878083598,152234.99999999988,94161.36684957784,0.3814735977299707
ARTW-002035,AUC-003425,2023-03-06,11.939114344618368,11.459397784703654,153139.99999999988,94786.97030778069,0.3810436835067209
ARTW-001458,AUC-003536,2024-01-14,11.139540250325476,11.460427854827417,68839.00000000003,94884.65886848311,0.37835614794641215
ARTW-001347,AUC-003994,2023-05-26,11.918150544273784,11.442863629678268,149963.0,93232.61668443873,0.37829586841795154
ARTW-001489,AUC-003822,2024-04-12,11.929462387045442,11.456431300396885,151668.99999999988,94506.19993773931,0.37689178449294597
ARTW-001175,AUC-002564,2023-10-05,11.910492800951252,11.44244557631736,148818.9999999999,93193.64820365388,0.37377856185262676
ARTW-000874,AUC-001294,2023-01-13,11.134530628384727,11.451648843595251,68494.99999999999,94055.30239501013,0.3731703393679853
ARTW-001142,AUC-000949,2024-04-21,11.926563748167545,11.461026075338214,151230.0000000001,94941.43839744486,0.37220499638005156
ARTW-002007,AUC-003866,2023-07-14,11.926047847843916,11.460990168282667,151151.99999999997,94938.0293552402,0.37190358476738505
ARTW-000967,AUC-000078,2024-08-11,11.907801371524124,11.44380472939763,148418.99999999997,93320.40011493761,0.3712368354797052
ARTW-001625,AUC-003726,2023-03-14,11.826063273393798,11.36339452418034,136770.00000000012,86110.17941284187,0.3704015543405586
ARTW-001899,AUC-003317,2024-12-22,11.907700301870202,11.446471578034762,148403.99999999997,93569.60631355704,0.36949404117438167
ARTW-001546,AUC-001693,2024-12-08,11.129305015439526,11.441414488828903,68137.99999999997,93097.60589042262,0.36630963471811123
ARTW-002093,AUC-001925,2023-06-02,11.898636744591531,11.442896323454606,147064.9999999999,93235.66489327831,0.36602410571326716
ARTW-000134,AUC-000380,2023-04-12,11.890025391521496,11.43757097460089,145803.99999999988,92740.46684822561,0.36393743074109297
ARTW-000010,AUC-001517,2023-09-09,11.897418862670783,11.445386219821149,146885.99999999997,93468.1037807099,0.3636690781918636
ARTW-000229,AUC-003236,2023-02-09,11.904399824051243,11.454461284173467,147915.00000000006,94320.20248978132,0.36233510807030195
ARTW-002198,AUC-000084,2024-03-17,11.903371685432536,11.454180069645096,147762.99999999988,94293.68172649448,0.3618586403464023
ARTW-001459,AUC-000890,2023-11-01,11.15496397950603,11.463765454994189,69908.99999999997,95201.87834075444,0.36179716976003773
ARTW-001711,AUC-002043,2024-03-05,11.888329911593228,11.444180534619836,145556.9999999999,93355.47737514027,0.3586328560279456
ARTW-001603,AUC-003405,2023-09-14,11.13575622601691,11.441759640609812,68578.99999999996,93129.7445860908,0.3579921635790966
ARTW-001898,AUC-000104,2024-03-28,11.879469548347384,11.443510324806832,144273.00000000006,93292.92991019963,0.35335835596265697
ARTW-000375,AUC-004083,2024-08-01,11.829697783306225,11.394130243064637,137267.99999999997,88797.96229675585,0.35310514980362595
ARTW-001850,AUC-000803,2024-12-28,11.077423740485525,11.378265308965666,64692.99999999999,87400.28892545032,0.351000709898294
ARTW-001136,AUC-001879,2024-07-11,11.875684861031337,11.445756489738928,143728.00000000003,93502.71898617083,0.3494467397711593
ARTW-001896,AUC-004271,2024-04-09,11.148405543793823,11.448037270837874,69452.00000000003,93716.22388753375,0.34936681287124505
ARTW-002115,AUC-001991,2023-03-07,11.871669267344737,11.442068709069058,143151.99999999997,93158.53281036543,0.34923345248152
ARTW-000061,AUC-001914,2023-11-10,11.872067363472748,11.4467627225912,143209.0,93596.85285237616,0.34643176858733626
ARTW-000838,AUC-003666,2023-03-26,11.856727912686285,11.431577117308112,141028.99999999988,92186.25033739799,0.3463312486268919
ARTW-002037,AUC-001793,2023-07-19,11.877207402230708,11.459782840787216,143946.99999999988,94823.47602031851,0.34126118626773333
ARTW-001995,AUC-002873,2024-03-22,11.09111753752189,11.383750290086411,65585.00000000001,87881.00048687057,0.33995578999573917
ARTW-001136,AUC-000264,2023-04-18,11.860125664946416,11.445756489738928,141508.99999999988,93502.71898617083,0.3392454261836992
ARTW-001214,AUC-004446,2024-02-07,11.14280336913406,11.434436052343269,69064.00000000004,92450.18480315535,0.3386161358038239
ARTW-002019,AUC-001824,2024-07-15,11.857571348994831,11.444867835808454,141147.99999999994,93419.66344806082,0.3381439095980045
ARTW-000480,AUC-002985,2024-05-18,11.853645808451873,11.441236305051541,140594.99999999994,93081.01870698537,0.3379492961557281
ARTW-001388,AUC-000423,2023-11-12,11.869375383592663,11.457702775706064,142824.0,94626.43993389416,0.3374612114638005
ARTW-001308,AUC-000740,2023-11-17,11.847545988227967,11.436383730203959,139740.00000000003,92630.42539732064,0.33712304710662216
ARTW-000810,AUC-002385,2024-04-02,11.834762556971995,11.426153615649635,137965.00000000006,91687.62599949063,0.33542836226948436
ARTW-000424,AUC-000648,2023-02-22,11.829865323488944,11.424554191640105,137290.99999999997,91541.09422412365,0.3332331017756177
ARTW-001379,AUC-004315,2024-04-24,11.848018179059068,11.444616728347794,139805.99999999997,93396.20776756069,0.331958515603331
ARTW-001897,AUC-003053,2023-01-16,11.801024950293135,11.398920652046904,133388.00000000006,89224.36615236153,0.33109150633968953
ARTW-001918,AUC-000242,2023-07-11,11.843602369619807,11.446871261405157,139190.0000000001,93607.01240365645,0.32748751775518076
ARTW-000363,AUC-002449,2024-04-25,11.842480978978042,11.446263687336456,139033.99999999988,93550.15587672211,0.3271418798515313
ARTW-000044,AUC-002492,2023-02-22,11.843221525362539,11.447036338635277,139137.00000000006,93622.46623056347,0.32712027547982614
ARTW-001924,AUC-000274,2024-05-04,11.856557721646434,11.460776828589552,141005.00000000006,94917.77725221845,0.32684814544010204
ARTW-001761,AUC-002454,2023-09-14,11.835624716553893,11.443443763562613,138084.0,93286.72035680678,0.3244204950841026
ARTW-001104,AUC-001728,2023-10-13,11.832760060438417,11.441763061903883,137688.9999999999,93130.06321430016,0.32362016417941725
ARTW-002172,AUC-001388,2024-09-14,11.83138646878959,11.443489953392554,137500.00000000012,93291.0294002619,0.321519786179914
ARTW-002132,AUC-003432,2024-03-13,11.82910023759806,11.445970360819445,137185.99999999997,93522.71886620446,0.3182779666569148
ARTW-000879,AUC-000040,2023-07-05,11.810887022018932,11.429262016028973,134709.99999999997,91973.07437340816,0.3172513222967249
ARTW-000610,AUC-003268,2024-02-16,11.780024655806582,11.398661119484133,130615.99999999991,89201.21226914316,0.3170728527198565
ARTW-000138,AUC-002433,2024-06-13,11.810367256050416,11.432797603116974,134640.00000000003,92298.83225653504,0.3144768846068403
ARTW-000406,AUC-002994,2023-10-16,11.815242423148565,11.439066351236358,135297.9999999999,92879.25401456996,0.3135208649457492
ARTW-000556,AUC-002859,2023-12-23,11.182113180557224,11.452159395268483,71833.00000000001,94103.33525816185,0.31002930767421427
ARTW-000582,AUC-000599,2023-10-09,11.821953091441387,11.452799405738189,136208.9999999999,94163.58229528254,0.3086831098144572
ARTW-001841,AUC-004144,2024-11-09,11.80472903238118,11.436911159004135,133883.00000000006,92679.2947652997,0.3077590525660491
ARTW-000081,AUC-001403,2023-03-24,11.812303867882832,11.446318858000435,134900.99999999994,93555.31729848603,0.30648907496248307
ARTW-001860,AUC-000730,2024-11-01,11.822870371220981,11.460158828037152,136334.0000000001,94859.13551762201,0.30421512229068354
ARTW-001874,AUC-004116,2023-06-02,11.808374794032371,11.449731121170279,134372.0000000001,93875.10135770889,0.3013789974272257
ARTW-002199,AUC-003434,2023-03-03,11.781394136497871,11.42741158268948,130795.00000000012,91803.03984711472,0.2981150667295031
ARTW-000826,AUC-001607,2023-04-02,11.796471495782036,11.44401131666521,132782.0,93339.68111953045,0.2970456754715967
ARTW-000345,AUC-003466,2024-01-11,11.794277545227137,11.444901122886444,132491.0,93422.77320072788,0.294874571097449
ARTW-000626,AUC-000383,2023-04-09,11.181319369456498,11.43958927065805,71775.99999999999,92927.83560430731,0.29469231503994836
ARTW-000723,AUC-001982,2024-07-09,11.798998744007589,11.451186277575166,133117.99999999994,94011.80520648365,0.2937709009564169
ARTW-001982,AUC-000906,2023-04-15,11.792063642074593,11.446354381075059,132198.00000000003,93558.64076555651,0.2922839924540727
ARTW-002165,AUC-002276,2024-02-21,11.191190105193563,11.447577915016229,72487.99999999994,93673.18422117004,0.29225781124006894
ARTW-001946,AUC-001484,2024-09-13,11.788737364851523,11.443525489384035,131759.0000000001,93294.3446839295,0.2919319007890964
ARTW-002244,AUC-001270,2024-08-26,11.7855827281539,11.446515720328556,131344.00000000006,93573.73682591585,0.2875674806164285
ARTW-001313,AUC-000609,2024-11-17,11.193505016731235,11.445942389010888,72656.00000000001,93520.10287523201,0.28716283411186955
ARTW-000704,AUC-001810,2024-12-05,11.764182113804157,11.428449482324032,128563.00000000006,91898.3726909263,0.2851880191740527
ARTW-001853,AUC-000870,2023-09-01,11.775681960197485,11.440217427606864,130050.00000000001,92986.22783596032,0.2849963257519392
ARTW-001229,AUC-001595,2024-01-15,11.764547623675048,11.430208007089457,128609.99999999997,92060.1221922993,0.28419156992225086
ARTW-002012,AUC-001071,2024-12-19,11.187915287252448,11.437805450430139,72250.99999999999,92762.21503018244,0.2838883203025904
ARTW-002208,AUC-000770,2024-06-07,11.777663832101371,11.443879360269953,130307.99999999993,93327.36503233029,0.28379404923465684
ARTW-000485,AUC-000873,2023-04-20,11.785704537324758,11.456460530648211,131360.00000000006,94508.96244731992,0.28053469513307033
ARTW-000907,AUC-004150,2024-06-06,11.750429410477729,11.42781657837595,126807.00000000001,91840.22761718824,0.2757479664593577
ARTW-000599,AUC-000177,2023-07-16,11.685230355377529,11.363319339609616,118803.00000000003,86103.70542415827,0.27523963684285546
ARTW-000091,AUC-002752,2023-09-01,11.770400875364608,11.448717155149415,129365.00000000007,93779.96242273592,0.27507469236087145
ARTW-001136,AUC-001224,2023-03-09,11.766784430945284,11.445756489738928,128897.9999999999,93502.71898617083,0.2745991482709514
ARTW-002244,AUC-002854,2023-05-22,11.206780667152612,11.446515720328556,73626.99999999999,93573.73682591585,0.27091606103624855
ARTW-001290,AUC-001436,2023-03-24,11.759175982157346,11.444086566876328,127921.00000000001,93346.70528977245,0.270278489929156
ARTW-001972,AUC-000199,2023-05-12,11.773264603330286,11.460545722793452,129736.00000000004,94895.84350724214,0.2685465598812811
ARTW-000638,AUC-000757,2024-07-12,11.749024727444654,11.437273820887826,126629.00000000001,92712.91247114219,0.267838232386403
ARTW-001159,AUC-003308,2023-11-19,11.755534331795433,11.444797568897133,127456.0,93413.09929721079,0.26709531683709836
ARTW-001790,AUC-001498,2024-12-15,11.20576151377695,11.44223410322058,73552.00000000006,93173.94212652098,0.26677645919242043
ARTW-000698,AUC-000607,2024-09-16,11.747357065854203,11.443031099247397,126417.9999999999,93248.2317855439,0.2623816878486926
ARTW-002172,AUC-003819,2024-04-16,11.74772877631976,11.443489953392554,126465.00000000003,93291.0294002619,0.2623174048134908
ARTW-000829,AUC-000782,2024-04-07,11.74176476466922,11.441775824622617,125712.99999999997,93131.25182745034,0.2591756474871305
ARTW-000243,AUC-003294,2023-06-11,11.737436081424933,11.441372260588729,125170.00000000004,93093.67458313989,0.25626208689670166
ARTW-000808,AUC-002339,2024-05-09,11.745837152323316,11.450076317983994,126225.9999999999,93907.51268260274,0.2560366906770173
ARTW-001548,AUC-003111,2023-11-18,11.74866139839882,11.45381691585368,126583.0000000001,94259.4444723858,0.25535463314674384
ARTW-001932,AUC-003808,2024-03-07,11.736628859542952,11.442907678892242,125068.99999999997,93236.72364242312,0.25451771708078624
ARTW-001249,AUC-000808,2024-04-27,11.220605989701701,11.445315395701321,74652.00000000001,93461.48414812116,0.25196222670686846
ARTW-000296,AUC-004379,2024-04-02,11.21969469358803,11.444009443119143,74583.99999999996,93339.50624162829,0.25146822698740134
ARTW-001016,AUC-002311,2023-09-26,11.72747216905892,11.446480192350815,123929.00000000004,93570.41236380492,0.2449675833436493
ARTW-002165,AUC-000647,2023-11-24,11.727399544780592,11.447577915016229,123920.00000000007,93673.18422117004,0.24408340686596203
ARTW-000435,AUC-001083,2024-08-24,11.726228759372912,11.447129316709088,123775.00000000006,93631.17156481341,0.24353729295242685
ARTW-000507,AUC-003537,2024-03-05,11.73478018609951,11.458960904558893,124838.00000000004,94745.56837009179,0.24105185624495942
ARTW-001707,AUC-003320,2024-09-05,11.720053449015632,11.445486779873162,123013.00000000003,93477.50351125852,0.24010061122598023
ARTW-000104,AUC-004424,2023-02-22,11.723672495947888,11.450299648364972,123459.0000000001,93928.4876486036,0.23919286849396548
ARTW-001549,AUC-003677,2024-05-22,11.219949404057338,11.433917243615667,74603.00000000004,92402.23276164675,0.23858601881488276
ARTW-000480,AUC-002500,2023-05-05,11.710652741914032,11.441236305051541,121862.00000000009,93081.01870698537,0.23617683357416336
ARTW-001163,AUC-000105,2023-11-06,11.687811110440409,11.41902319117614,119109.99999999997,91036.17250683572,0.2356966459001281
ARTW-000650,AUC-003147,2024-04-15,11.705469592784356,11.447894703556505,121231.9999999999,93702.86383008283,0.22707813258807155
ARTW-000240,AUC-002572,2024-09-23,11.703678047242036,11.446731996226909,121015.0000000001,93593.97697483533,0.22659193509205264
ARTW-001593,AUC-001098,2023-12-11,11.258523417753246,11.462673787167258,77536.99999999994,95098.005129276,0.22648548601668977
ARTW-001748,AUC-003913,2024-02-18,11.71822271413573,11.461730967221216,122787.99999999997,95008.38614431326,0.22624046206214543
ARTW-001375,AUC-000258,2024-07-18,11.705453095489913,11.449487483479098,121230.00000000009,93852.23238710174,0.22583327239873235
ARTW-002042,AUC-004496,2024-07-15,11.714706452920401,11.46115226735739,122356.9999999999,94953.42013143537,0.22396413665392703
ARTW-001837,AUC-000552,2024-05-24,11.697220074015798,11.445231562008866,120236.0000000001,93453.64917139107,0.2227481854736436
ARTW-001149,AUC-002305,2023-04-19,11.707867053120285,11.457499539255993,121523.0,94607.21014308608,0.22148720700537283
ARTW-000735,AUC-003276,2024-11-21,11.687315651437903,11.438588839805348,119050.99999999999,92834.91321902385,0.22020887502814881
ARTW-000219,AUC-004056,2024-07-01,11.698483445556839,11.450145052822796,120388.00000000004,93913.96769092354,0.21990590681028419
ARTW-000706,AUC-001571,2023-07-16,11.693011190822606,11.445613315056463,119730.99999999991,93489.3325792158,0.2191718721198698
ARTW-000431,AUC-001488,2023-10-22,11.242821324792516,11.440306262975442,76328.99999999997,92994.48875754373,0.21833757493932537
ARTW-002236,AUC-001380,2023-12-20,11.680615501219465,11.436313379207471,118256.00000000006,92623.9089134611,0.21675087172354002
ARTW-001006,AUC-004346,2023-06-02,11.691414687743958,11.447209977035792,119539.99999999996,93638.72427095962,0.21667455018437634
ARTW-001251,AUC-003837,2023-09-27,11.69828407192168,11.462251550879591,120364.00000000004,95057.85935448729,0.21024675688339328
ARTW-001049,AUC-004215,2023-12-01,11.673342186376134,11.438282350549867,117399.0000000001,92806.46436895561,0.20947823772812776
ARTW-000680,AUC-003714,2023-08-14,11.61258073663019,11.379319360616352,110478.0,87492.46296788105,0.20805533257407768
ARTW-001109,AUC-004192,2023-06-10,11.24624791163229,11.435255628803136,76590.99999999999,92525.9866763792,0.2080529915574834
ARTW-000934,AUC-002163,2024-02-09,11.672950286765573,11.443888837395301,117353.00000000006,93328.24952113538,0.20472208191409394
ARTW-001367,AUC-001819,2023-04-01,11.688507696776039,11.461676873031113,119192.99999999997,95003.24682752241,0.20294608888506513
ARTW-002102,AUC-004307,2023-08-20,11.604519658131226,11.378520012292245,109591.00000000003,87422.55315975385,0.20228346160037022
ARTW-002150,AUC-003728,2023-09-04,11.679270067241042,11.45425374221853,118096.99999999996,94300.62891426386,0.2014985231270575
ARTW-001617,AUC-001781,2024-12-24,11.599231593330495,11.376017492656608,109013.0,87204.04752271248,0.2000582726581923
ARTW-000526,AUC-004088,2024-02-26,11.60006600028523,11.382482129333269,109104.00000000004,87769.62262039182,0.19554166098042433
ARTW-000333,AUC-001160,2024-03-17,11.650772531662353,11.433316182793728,114778.99999999996,92346.70948671743,0.19543897850027037
ARTW-001521,AUC-002174,2023-08-06,11.25559152716813,11.433853361980024,77310.0,92396.33008053765,0.19514073315919866
ARTW-001273,AUC-004357,2023-09-09,11.677549676805148,11.46209864736002,117893.99999999999,95043.32563148267,0.19382389577516512
ARTW-001838,AUC-004445,2023-05-17,11.67630202659641,11.462051011669523,117746.99999999991,95038.79823723693,0.19285588391010386
ARTW-000639,AUC-003631,2024-12-14,11.276126602833017,11.44922980182451,78913.99999999997,93828.05124654374,0.18899119606842602
ARTW-001209,AUC-004283,2023-09-19,11.645811649492762,11.437848306454109,114210.99999999994,92766.19057793682,0.18776483370308578
ARTW-001033,AUC-004272,2024-08-06,11.272572171924827,11.444573185414669,78634.00000000006,93392.14106772738,0.18768142365550922
ARTW-002007,AUC-002186,2023-06-03,11.665732385213987,11.460990168282667,116509.00000000004,94938.0293552402,0.18514424331819718
ARTW-001626,AUC-002991,2023-12-05,11.653287227417355,11.449812868919182,115068.00000000001,93882.77583135183,0.18411047527243182
ARTW-001016,AUC-003051,2024-04-03,11.649595676345093,11.446480192350815,114643.99999999991,93570.41236380492,0.18381762356682432
ARTW-000084,AUC-003730,2023-02-23,11.637785620851817,11.437995522383114,113298.0000000001,92779.84839137808,0.18109897446223236
ARTW-000991,AUC-001818,2024-03-25,11.651364793947334,11.452928363715346,114846.99999999999,94175.72635235489,0.1799896701493735
ARTW-000752,AUC-003595,2023-08-14,11.647159110957128,11.451271681551452,114365.00000000003,94019.83461673696,0.17789678121158628
ARTW-002145,AUC-001255,2024-01-18,11.279782081577686,11.43950448794431,79203.00000000006,92919.9571794219,0.17318734365392505
ARTW-000052,AUC-000847,2024-02-08,11.29760126270815,11.455934556520855,80627.00000000003,94459.26572303653,0.17155872999164665
ARTW-001604,AUC-000038,2024-12-06,11.273398434405495,11.430985139044761,78699.00000000003,92131.6936388232,0.1706844259625048
ARTW-001289,AUC-004105,2023-02-26,11.629098316086102,11.443103599939557,112318.00000000004,93254.9926644729,0.1697235290472332
ARTW-000165,AUC-003646,2024-01-15,11.292490741466937,11.44766734364077,80216.0,93681.56174920978,0.16786628290128877
ARTW-001473,AUC-000500,2023-09-08,11.285133627091511,11.438937143138256,79627.99999999994,92867.25390886965,0.16626380053335157
ARTW-000300,AUC-000681,2024-10-23,11.625405576054229,11.445756292814362,111903.99999999991,93502.7005729934,0.16443826339546866
ARTW-001453,AUC-001640,2023-03-23,11.618977741306455,11.443849500115714,111187.0,93324.57827456226,0.16065207016501698
ARTW-001660,AUC-001035,2023-09-28,11.294495785882239,11.442445204353676,80377.0,93193.61353863575,0.15945623174086804
ARTW-002046,AUC-000466,2023-02-04,11.610496722973172,11.439267200903126,110247.99999999999,92897.91085618566,0.15737327791718972
ARTW-000052,AUC-003162,2024-05-28,11.62666478024292,11.455934556520855,112045.00000000004,94459.26572303653,0.1569524233742113
ARTW-001974,AUC-003458,2023-06-17,11.299447550522352,11.445103297820438,80775.99999999994,93441.66305537145,0.15679982984267005
ARTW-000091,AUC-004303,2023-03-14,11.618302980483556,11.448717155149415,111111.99999999991,93779.96242273592,0.1559870902986537
ARTW-002158,AUC-001022,2024-11-15,11.29645956840926,11.44017613430387,80535.00000000004,92982.38816546362,0.15455874049125934
ARTW-001338,AUC-000226,2023-10-01,11.61482299139639,11.4484819982885,110726.0000000001,93757.91177878069,0.15324393747827428
ARTW-000723,AUC-001891,2024-05-27,11.61252642619171,11.451186277575166,110472.00000000007,94011.80520648365,0.14899879420592013
ARTW-001794,AUC-000365,2023-07-12,11.540988002735112,11.383977335814032,102845.00000000001,87900.9559849355,0.14530647104929276
ARTW-000511,AUC-000382,2024-07-11,11.299509447414529,11.431094035359939,80780.99999999997,92141.72709596119,0.14063612849508209
ARTW-000286,AUC-002965,2024-05-08,11.312020297577238,11.443201337547126,81798.0,93264.10772752245,0.14017589339008843
ARTW-002070,AUC-003604,2024-05-26,11.306725064386239,11.43602692297569,81366.00000000004,92597.37973099097,0.13803529399246517
ARTW-000809,AUC-000367,2024-09-05,11.249753874702945,11.378959089238668,76859.99999999997,87460.94725488484,0.13792541315228826
ARTW-000991,AUC-001605,2024-11-06,11.594035295373413,11.452928363715346,108448.00000000009,94175.72635235489,0.13160476585686398
ARTW-001781,AUC-000664,2023-08-24,11.579349707018011,11.439097310641547,106867.00000000001,92882.12957650067,0.13086238430478395
ARTW-001951,AUC-000739,2023-08-19,11.59539906179102,11.460607131509512,108595.99999999991,94901.67117949323,0.12610343677950098
ARTW-001188,AUC-004202,2024-02-25,11.584566826110104,11.450561692744728,107425.99999999997,93953.10456815713,0.12541559242495157
ARTW-002036,AUC-000583,2024-11-02,11.577288970793512,11.443878392556794,106646.99999999996,93327.274717287,0.12489545212441945
ARTW-000462,AUC-004290,2024-05-27,11.586473280265388,11.45490235815915,107631.00000000006,94361.81429476551,0.12328405111198945
ARTW-001568,AUC-000960,2023-05-06,11.591505565093085,11.460248733578311,108173.99999999994,94867.6643528292,0.12300863097574967
ARTW-001154,AUC-001765,2024-07-21,11.569041113096716,11.44375280837709,105771.00000000004,93315.55489839074,0.11775860208950754
ARTW-001413,AUC-003561,2023-08-26,11.568993840489764,11.444646079787114,105765.99999999991,93398.94915026869,0.11692841602907585
ARTW-001034,AUC-004132,2024-07-15,11.564815581224172,11.44105895632476,105324.99999999996,93064.5121932293,0.11640624549509294
ARTW-001081,AUC-001917,2024-11-26,11.572862791830056,11.449860314326772,106176.00000000004,93887.23029103325,0.11573961826558532
ARTW-000869,AUC-003705,2024-01-15,11.502137483385624,11.381421695929813,98926.00000000009,87676.59705275009,0.11371533213968003
ARTW-000447,AUC-001625,2023-11-03,11.331475528205148,11.437428911645446,83405.00000000006,92727.29265715736,0.11177138849178464
ARTW-001268,AUC-003469,2024-02-18,11.568539909725324,11.450774647584602,105717.99999999994,93973.11468000042,0.1110963631548036
ARTW-001363,AUC-004467,2024-06-15,11.56410325268714,11.448339795436208,105249.99999999996,93744.57994203304,0.10931515494505384
ARTW-000345,AUC-002102,2023-08-12,11.493926114960445,11.379860384526644,98116.99999999993,87539.81183061945,0.1078017893879805
ARTW-001970,AUC-001356,2023-08-03,11.273411140805074,11.375277512125656,78700.00000000006,87139.54135494257,0.10723686600943466
ARTW-001060,AUC-001987,2024-07-02,11.557984868976563,11.444876966452094,104608.0,93420.51644274159,0.10694673024298727
ARTW-001626,AUC-001433,2024-12-03,11.558720672540662,11.449812868919182,104685.00000000006,93882.77583135183,0.10318788908294621
ARTW-000202,AUC-003370,2024-04-05,11.541930715972299,11.43311892192339,102942.00000000001,92328.49469376232,0.1031017981604952
ARTW-001868,AUC-000404,2024-07-17,11.485502879392255,11.377807719663735,97293.99999999991,87360.30417965673,0.10209977820156634
ARTW-001576,AUC-003824,2024-04-02,11.551444008583244,11.447932125558502,103925.99999999997,93706.37048187474,0.09833563803211168
ARTW-000258,AUC-000974,2024-10-20,11.559159985309764,11.459582435802735,104731.00000000009,94804.47462672384,0.09478115718627954
ARTW-000389,AUC-001053,2024-02-18,11.353847666806415,11.440365295899754,85292.00000000003,92999.97871523548,0.09037164933681298
ARTW-000754,AUC-000521,2023-10-23,11.535508536970486,11.442628630386444,102282.99999999996,93210.70942473983,0.08869793196582156
ARTW-000572,AUC-001676,2024-02-03,11.348781686708616,11.431843707874226,84861.00000000004,92210.82986484336,0.08661021982822861
ARTW-001880,AUC-004414,2024-06-13,11.366823970028843,11.444857403998595,86406.00000000004,93418.68890654598,0.08115974476941343
ARTW-001944,AUC-000378,2023-01-15,11.531266239967087,11.448764238691265,101850.00000000007,93784.37806655608,0.07919118245894934
ARTW-000060,AUC-001328,2023-05-25,11.525752841275015,11.444051866615824,101289.99999999996,93343.46615628123,0.07845329098350019
ARTW-001962,AUC-003948,2024-07-20,11.372064418801726,11.446099829307444,86859.99999999996,93534.82802453848,0.07684582114366253
ARTW-001787,AUC-004291,2023-06-03,11.528020952615563,11.44905071502799,101519.99999999997,93811.24920689217,0.07593332144511232
ARTW-000017,AUC-000149,2024-08-03,11.500052968747553,11.42167288120061,98720.0,91277.71265662747,0.07538783775701512
ARTW-001865,AUC-000165,2024-05-11,11.533365144207684,11.45733162258842,102063.99999999994,94591.32518142603,0.07321557864255679
ARTW-001709,AUC-002309,2023-10-15,11.523637881599875,11.448646920499522,101076.00000000006,93773.37598097442,0.07224884264341319
ARTW-000224,AUC-002270,2023-07-01,11.379325498566006,11.445735789446223,87492.99999999996,93500.78345185195,0.06866587557692615
ARTW-002256,AUC-000416,2024-07-20,11.37535162694775,11.439256636864172,87146.00000000003,92896.92947365629,0.06599189261304313
ARTW-001355,AUC-001732,2023-03-24,11.528779128893396,11.460537191468374,101597.0,94895.0339148748,0.0659661809416144
ARTW-000555,AUC-002271,2024-01-12,11.498167093994683,11.431879367380017,98533.99999999997,92214.1181517534,0.06413909765407447
ARTW-000082,AUC-000143,2024-04-14,11.40491700214822,11.457521262619373,89761.00000000006,94609.26537393694,0.054013049920754896
ARTW-001374,AUC-000334,2024-01-19,11.507721950138631,11.458675859723682,99480.00000000003,94718.565198864,0.047863236842943566
ARTW-002009,AUC-000835,2024-03-23,11.485132802185817,11.436597652831377,97258.00000000004,92650.24347491519,0.047376632514393203
ARTW-000021,AUC-001051,2023-01-13,11.484021748113392,11.440231453940541,97149.99999999997,92987.53211499273,0.04284578368509767
ARTW-000025,AUC-002645,2024-08-09,11.484587716938472,11.449235707733795,97204.99999999993,93828.60539404508,0.03473478325142585
ARTW-000347,AUC-003576,2024-03-08,11.46641021122876,11.433832919502597,95454.00000000009,92394.44126950928,0.03205270319201719
ARTW-000662,AUC-003685,2023-12-04,11.431574401772753,11.461048149016555,92185.99999999993,94943.53414942136,0.02991272155665111
ARTW-001387,AUC-003312,2024-10-11,11.482620884705373,11.452377381727711,97014.0,94123.85096499471,0.02979105113700385
ARTW-001497,AUC-000812,2023-12-27,11.396436591524559,11.42245622731651,89003.00000000003,91349.24349469558,0.026361397870808247
ARTW-001970,AUC-003340,2024-02-03,11.419493520177676,11.440318250485456,91079.00000000003,92995.60354857823,0.02104330908967165
ARTW-001084,AUC-000822,2023-01-22,11.463714212155416,11.44246044118142,95197.00000000006,93195.03353972707,0.02102972215797755
ARTW-001374,AUC-001482,2024-10-12,11.471134250908422,11.458675859723682,95906.00000000003,94718.565198864,0.012381235805226229
ARTW-002204,AUC-004407,2023-07-11,11.453217922507944,11.443033835218152,94203.00000000003,93248.48691306399,0.010132512626307478
ARTW-001861,AUC-002055,2024-06-27,11.457867197220024,11.449938825057849,94641.99999999996,93894.60181400098,0.00789710895795707
ARTW-000606,AUC-002722,2023-12-04,11.378227678086606,11.373386534342497,87397.00000000004,86974.9162275127,0.004829499553615588
ARTW-001544,AUC-002095,2024-07-22,11.432257561902773,11.43672432023408,92248.99999999996,92661.98011059214,0.0044767976952832
ARTW-000666,AUC-002212,2023-04-26,11.43206242091279,11.436036086800582,92230.99999999997,92598.22829021611,0.003981614535418013
ARTW-000491,AUC-003724,2023-12-11,11.455201008605492,11.451280460897625,94390.00000000006,94020.66006181494,0.003912913848767023
